{"cameraMode":{"drawMode":0,"name":"Shaded","section":"Shading Mode"},"sceneLighting":false,"audioPlay":false,"sceneViewState":{"showFog":true,"showMaterialUpdate":false,"showSkybox":true,"showFlares":true,"showImageEffects":true,"showParticleSystems":true},"in2DMode":false,"pivot":{"x":844.0023193359375,"y":675.0794067382813,"z":-183.7310333251953},"rotation":{"x":0.2435246706008911,"y":-0.008455345407128334,"z":0.0020458700601011516,"w":0.9698878526687622},"size":778.0237426757813,"orthographic":false}